epoch,train_loss,train_dice_loss,train_grad_loss,train_flow_smooth_loss,train_boundary_distance_loss,train_cldice_loss,val_total_loss,val_dice_loss,val_grad_loss,val_flow_smooth_loss,val_boundary_distance_loss,val_cldice_loss,val_dice,epoch_sec,epoch_min,avg_batch_ms,peak_gpu_mem_mb,train_sample_count,train_hard_sample_count,train_mean_sample_weight
1,9.493018918567234,0.9323954891275477,0.0008560623417131999,0.0,0.0,0.0,9.068122704823812,0.9303333693080478,0.0008137789352784037,0.0,0.0,0.0,0.06966663069195222,197.47414920013398,3.291235820002233,457.1160861114212,1200.318359375,432,0,1.0
2,8.920900874667698,0.9298764696275746,0.0007991024411037668,0.0,0.0,0.0,8.806854903697968,0.9296964050994979,0.0007877158479661577,0.0,0.0,0.0,0.07030359490050209,44.78704739920795,0.7464507899867991,103.67372083149988,1296.6650390625,432,0,1.0
3,8.747167900756553,0.9283469320723304,0.0007818820969852688,0.0,0.0,0.0,8.692328102058834,0.9288282812469535,0.000776349979585373,0.0,0.0,0.0,0.07117171875304651,44.4145392999053,0.7402423216650883,102.8114335645956,1295.8759765625,432,0,1.0
4,8.663094268904793,0.9276374597792272,0.0007735456822922936,0.0,0.0,0.0,8.631203744146559,0.9284890356163183,0.0007702714719926007,0.0,0.0,0.0,0.07151096438368165,44.22583419922739,0.7370972366537899,102.37461620191526,1296.6650390625,432,0,1.0
5,8.61429461505678,0.9272979456517432,0.0007686996660022824,0.0,0.0,0.0,8.592784133222368,0.9282343747715155,0.0007664549779696648,0.0,0.0,0.0,0.07176562522848451,43.83024379983544,0.7305040633305907,101.45889768480427,1295.5126953125,432,0,1.0
6,8.569310978606895,0.909934371985771,0.0007659376600780955,0.0,0.0,0.0,8.552749560938942,0.9101101731260618,0.0007642639401536952,0.0,0.0,0.0,0.0898898268739382,43.10564319975674,0.7184273866626124,99.78158148091838,1297.2470703125,432,0,1.0
7,8.493642480285079,0.8534607887268066,0.000764018167872025,0.0,0.0,0.0,8.466029743353525,0.8394804199536642,0.0007626549296320365,0.0,0.0,0.0,0.16051958004633582,43.437086700461805,0.7239514450076967,100.54881180662454,1296.4423828125,432,0,1.0
8,8.456869301972565,0.8344939908495655,0.000762237531657943,0.0,0.0,0.0,8.436811493502724,0.8267107713553641,0.0007610100704672126,0.0,0.0,0.0,0.17328922864463592,43.24992140009999,0.7208320233349998,100.11555879652776,1296.2080078125,432,0,1.0
9,8.432792074150509,0.8233570457884559,0.0007609434999014613,0.0,0.0,0.0,8.419693814383614,0.819965078185002,0.0007599728742206935,0.0,0.0,0.0,0.18003492181499803,43.290482399985194,0.7215080399997532,100.20944999996573,1296.6650390625,432,0,1.0
10,8.414449285577845,0.8147271009231055,0.0007599722205971678,0.0,0.0,0.0,8.406016442510817,0.8119809693760343,0.0007594035499399373,0.0,0.0,0.0,0.18801903062396574,43.16697289980948,0.719449548330158,99.92354837918862,1297.6884765625,432,0,1.0
11,8.396316863872388,0.8035766210544992,0.0007592740241509293,0.0,0.0,0.0,8.386169592539469,0.8009336015416516,0.0007585235972429574,0.0,0.0,0.0,0.1990663984583484,43.29718530084938,0.7216197550141563,100.22496597418838,1296.6650390625,432,0,1.0
12,8.38229109622814,0.7961127166118886,0.0007586178385449953,0.0,0.0,0.0,8.389833602640364,0.8045068387356069,0.0007585326748085208,0.0,0.0,0.0,0.1954931612643931,43.32935159932822,0.7221558599888037,100.29942499844495,1295.7509765625,432,0,1.0
13,8.368462063648083,0.7876888652918516,0.000758077321666793,0.0,0.0,0.0,8.371176017655266,0.7910542645388179,0.0007580121722033558,0.0,0.0,0.0,0.2089457354611821,43.11817230004817,0.7186362050008028,99.81058402788929,1295.9853515625,432,0,1.0
14,8.35581718992304,0.78045957673479,0.0007575357616318528,0.0,0.0,0.0,8.348818765746223,0.7812717387245761,0.0007567547015949256,0.0,0.0,0.0,0.21872826127542389,43.31002900004387,0.7218338166673978,100.25469675936081,1294.9619140625,432,0,1.0
15,8.33871418679202,0.7721208349146225,0.0007566593353489965,0.0,0.0,0.0,8.32068575753106,0.7632178589701653,0.0007557467862271653,0.0,0.0,0.0,0.23678214102983475,43.29119950067252,0.7215199916778753,100.21110995526045,1295.8759765625,432,0,1.0
16,8.31458811627494,0.7601072750985622,0.0007554480863392302,0.0,0.0,0.0,8.300882445441353,0.7558549692233404,0.0007545027421858524,0.0,0.0,0.0,0.2441450307766596,43.2772171003744,0.7212869516729067,100.1787432879037,1296.6650390625,432,0,1.0
17,8.293078899383545,0.7459041552135238,0.000754717470651182,0.0,0.0,0.0,8.280555519792768,0.7408506311476231,0.0007539704893133603,0.0,0.0,0.0,0.25914936885237694,43.218328800052404,0.7203054800008734,100.04242777789908,1295.5126953125,432,0,1.0
18,8.276921338505215,0.7354555320408609,0.0007541465792099997,0.0,0.0,0.0,8.266348719596863,0.732975446101692,0.0007533373221425185,0.0,0.0,0.0,0.26702455389830804,43.32182040065527,0.7220303400109211,100.2819916681835,1297.2470703125,432,0,1.0
19,8.264588645210972,0.7271505659101186,0.0007537438090097297,0.0,0.0,0.0,8.26514697737164,0.7306884179512659,0.0007534458571980293,0.0,0.0,0.0,0.26931158204873407,45.23180270008743,0.7538633783347904,104.70324699094311,1296.4423828125,432,0,1.0
20,8.255576687830466,0.7214307068950601,0.0007534146018399581,0.0,0.0,0.0,8.254653367731306,0.7265899437997076,0.0007528063401372896,0.0,0.0,0.0,0.27341005620029235,45.46135940030217,0.7576893233383696,105.2346282414402,1296.2080078125,432,0,1.0
21,8.247114499409994,0.716691877141043,0.0007530422625239697,0.0,0.0,0.0,8.250334415170881,0.7233772575855255,0.0007526957160735037,0.0,0.0,0.0,0.2766227424144745,45.42260259948671,0.7570433766581118,105.14491342473775,1296.6650390625,432,0,1.0
22,8.238256140991494,0.7100927762135312,0.0007528163352819522,0.0,0.0,0.0,8.233614212936825,0.7116199239260621,0.0007521994290679382,0.0,0.0,0.0,0.2883800760739379,45.016261600889266,0.7502710266814877,104.20430926131775,1297.6884765625,432,0,1.0
23,8.231980427547738,0.7066305997195067,0.0007525349801990497,0.0,0.0,0.0,8.226549903551737,0.7064136101139916,0.0007520136318311819,0.0,0.0,0.0,0.2935863898860084,45.225452800281346,0.7537575466713557,104.68854814879941,1296.6650390625,432,0,1.0
24,8.227804919083914,0.7045783846190682,0.0007523226538776524,0.0,0.0,0.0,8.229272491402096,0.7094606951706939,0.0007519811798475631,0.0,0.0,0.0,0.2905393048293061,45.16438820026815,0.7527398033378024,104.54719490802812,1295.7509765625,432,0,1.0
25,8.223270572997906,0.7020632461817177,0.0007521207310977237,0.0,0.0,0.0,8.220892283651564,0.7044851664039824,0.0007516407135376034,0.0,0.0,0.0,0.2955148335960176,45.095408299937844,0.7515901383322974,104.38751921281909,1295.9853515625,432,0,1.0
26,8.217058230329442,0.6974177212902793,0.0007519640515696395,0.0,0.0,0.0,8.216848022407955,0.7008320151103867,0.0007516016012232285,0.0,0.0,0.0,0.29916798488961327,45.59766010008752,0.7599610016681254,105.55013912057296,1294.9619140625,432,0,1.0
27,8.215144799815285,0.6970631938289713,0.0007518081604050369,0.0,0.0,0.0,8.21301786767112,0.6971193179488182,0.0007515898525727809,0.0,0.0,0.0,0.3028806820511818,45.13876019977033,0.7523126699961722,104.48787083280169,1295.8759765625,432,0,1.0
28,8.210903854281813,0.6944379497457434,0.000751646591433436,0.0,0.0,0.0,8.213248524400923,0.7001895867288113,0.0007513058929665325,0.0,0.0,0.0,0.29981041327118874,44.843611899763346,0.7473935316627224,103.80465717537811,1296.6650390625,432,0,1.0
29,8.208541536772692,0.6929108999945499,0.0007515630620926257,0.0,0.0,0.0,8.218299587567648,0.7035579507549604,0.0007514741676762545,0.0,0.0,0.0,0.2964420492450396,44.252732399851084,0.737545539997518,102.43688055521085,1295.5126953125,432,0,1.0
30,8.206201169225904,0.6916562389168475,0.0007514544902531068,0.0,0.0,0.0,8.202926920519936,0.6905836690631177,0.0007512343254347797,0.0,0.0,0.0,0.30941633093688226,44.304355999454856,0.7384059333242476,102.55637962836772,1297.2470703125,432,0,1.0
31,8.201978650357988,0.6880080043165772,0.0007513970635449772,0.0,0.0,0.0,8.207510901821983,0.6959380329483085,0.0007511572871913409,0.0,0.0,0.0,0.30406196705169153,44.4674754999578,0.7411245916659633,102.93397106471713,1296.4423828125,432,0,1.0
32,8.200351900524563,0.6875596584545242,0.0007512792246955171,0.0,0.0,0.0,8.194736745622423,0.6845343042578962,0.0007510202457423373,0.0,0.0,0.0,0.3154656957421038,43.67428020015359,0.7279046700025599,101.09787083368886,1296.2080078125,432,0,1.0
33,8.199504119378549,0.6869806349277496,0.0007512523479817901,0.0,0.0,0.0,8.197960330380333,0.6887502289480634,0.000750921010573317,0.0,0.0,0.0,0.31124977105193663,43.41487600002438,0.723581266667073,100.49739814820458,1296.6650390625,432,0,1.0
34,8.19652337277377,0.6847513584351098,0.0007511772018915508,0.0,0.0,0.0,8.198847320344713,0.6902757427758641,0.0007508571539397559,0.0,0.0,0.0,0.3097242572241359,43.19100120011717,0.7198500200019529,99.97916944471568,1297.6884765625,432,0,1.0
35,8.193004193129363,0.6823291992423711,0.0007510674986406229,0.0,0.0,0.0,8.19230416085985,0.6855378759404024,0.0007506766285385109,0.0,0.0,0.0,0.3144621240595976,43.262695900164545,0.7210449316694091,100.14512939852904,1296.6650390625,432,0,1.0
36,8.192625381328442,0.6827305289054358,0.0007509894844756842,0.0,0.0,0.0,8.19536226325565,0.6866172071960237,0.0007508745038649067,0.0,0.0,0.0,0.3133827928039763,43.328893499448895,0.7221482249908149,100.29836458205763,1295.7509765625,432,0,1.0
37,8.190846610952306,0.6814896838256607,0.0007509356912999431,0.0,0.0,0.0,8.196081300576529,0.6882636427051492,0.0007507817645091563,0.0,0.0,0.0,0.31173635729485083,43.24760050047189,0.7207933416745315,100.11018634368493,1295.9853515625,432,0,1.0
38,8.18848286293171,0.6800334238343768,0.0007508449463650188,0.0,0.0,0.0,8.189409361945259,0.6833738709489504,0.000750603548820234,0.0,0.0,0.0,0.3166261290510496,43.17968669999391,0.7196614449998985,99.95297847220812,1294.9619140625,432,0,1.0
39,8.18758515296159,0.6794384315058037,0.000750814671509606,0.0,0.0,0.0,8.191342757807838,0.6848005846970611,0.0007506542137384207,0.0,0.0,0.0,0.31519941530293893,43.30071679968387,0.7216786133280645,100.23314074000895,1295.8759765625,432,0,1.0
40,8.18561354831413,0.6775722618180292,0.0007508041305333825,0.0,0.0,0.0,8.184627446863386,0.6773950846658813,0.000750723236301888,0.0,0.0,0.0,0.3226049153341187,43.30417500063777,0.7217362500106295,100.24114583480966,1296.6650390625,432,0,1.0
41,8.18472855841672,0.6769188239618584,0.0007507809735856157,0.0,0.0,0.0,8.187314165963066,0.6814458763433827,0.0007505868270527571,0.0,0.0,0.0,0.3185541236566173,43.317263999953866,0.7219543999992311,100.27144444433765,1295.5126953125,432,0,1.0
42,8.18315507085235,0.6757863340554414,0.0007507368760276155,0.0,0.0,0.0,8.189422309398651,0.6862161523765988,0.0007503206175493284,0.0,0.0,0.0,0.31378384762340117,43.35162530001253,0.7225270883335422,100.35098449076975,1297.2470703125,432,0,1.0
43,8.181172695424822,0.6739880973818125,0.0007507184578840948,0.0,0.0,0.0,8.182797345850203,0.6795445217026604,0.0007503252870972372,0.0,0.0,0.0,0.32045547829733956,43.32901280000806,0.7221502133334676,100.2986407407594,1296.4423828125,432,0,1.0
44,8.182250950071547,0.6754603591506128,0.000750679058438874,0.0,0.0,0.0,8.179122087028292,0.6743536922666762,0.000750476838018383,0.0,0.0,0.0,0.3256463077333238,43.301685399375856,0.7216947566562643,100.2353828689256,1296.2080078125,432,0,1.0
45,8.179857938377946,0.6733278117522046,0.0007506530111843151,0.0,0.0,0.0,8.18234172794554,0.6778711895975802,0.0007504470522690099,0.0,0.0,0.0,0.3221288104024198,43.36606980022043,0.7227678300036738,100.38442083384359,1296.6650390625,432,0,1.0
46,8.179040939719588,0.6724919765083878,0.0007506548974089566,0.0,0.0,0.0,8.192238960001204,0.6873940428098043,0.0007504844915173533,0.0,0.0,0.0,0.3126059571901957,43.29948789998889,0.7216581316664815,100.2302960647891,1297.6884765625,432,0,1.0
47,8.177837689717611,0.6716994494199753,0.0007506138278619835,0.0,0.0,0.0,8.181948509481218,0.6763349746664366,0.0007505613551378095,0.0,0.0,0.0,0.32366502533356345,43.33082569949329,0.7221804283248882,100.30283726734558,1296.6650390625,432,0,1.0
48,8.177622832633832,0.6716746352612972,0.000750594820635376,0.0,0.0,0.0,8.181472804811266,0.677421340925826,0.0007504051455826913,0.0,0.0,0.0,0.32257865907417405,43.31580699980259,0.7219301166633765,100.2680717588023,1295.7509765625,432,0,1.0
49,8.178451244477872,0.6725096819853341,0.0007505941569063536,0.0,0.0,0.0,8.187206592824724,0.6836014750103155,0.0007503605132418064,0.0,0.0,0.0,0.31639852498968446,43.40391629934311,0.7233986049890518,100.47202847070164,1295.9853515625,432,0,1.0
50,8.17582192465111,0.6702316610349549,0.0007505590258881932,0.0,0.0,0.0,8.181012219852871,0.6779188476502895,0.0007503093353686078,0.0,0.0,0.0,0.32208115234971046,43.333671499975026,0.7222278583329171,100.3094247684607,1294.9619140625,432,0,1.0
51,8.175203771502883,0.6698512661236303,0.0007505352480587101,0.0,0.0,0.0,8.181140926149157,0.6773429612318674,0.0007503797961463635,0.0,0.0,0.0,0.32265703876813256,43.363807399757206,0.7227301233292868,100.37918379573428,1295.8759765625,432,0,1.0
52,8.17390310102039,0.6685538435423816,0.0007505349258954757,0.0,0.0,0.0,8.197542217042711,0.6912817743917307,0.0007506260424431983,0.0,0.0,0.0,0.30871822560826934,43.37854239996523,0.7229757066660871,100.4132925925121,1296.6650390625,432,0,1.0
53,8.173137715569249,0.6683116001939332,0.0007504826100086104,0.0,0.0,0.0,8.176640854941475,0.6724611417286925,0.0007504179718833055,0.0,0.0,0.0,0.32753885827130746,43.2563984002918,0.7209399733381967,100.13055185252732,1295.5126953125,432,0,1.0
54,8.173008717872479,0.6680965561557699,0.0007504912165232883,0.0,0.0,0.0,8.178865214188894,0.6755912945502334,0.000750327391870087,0.0,0.0,0.0,0.32440870544976663,43.13786430004984,0.7189644050008307,99.85616736122648,1297.2470703125,432,0,1.0
55,8.17207086969305,0.6673287494039094,0.000750474212206124,0.0,0.0,0.0,8.179566740989685,0.6775907468464639,0.0007501975997001864,0.0,0.0,0.0,0.3224092531535361,43.12963450048119,0.7188272416746865,99.83711689926201,1296.4423828125,432,0,1.0
56,8.171961234675514,0.6673159775910554,0.0007504645245380407,0.0,0.0,0.0,8.176542613241407,0.6735662987662686,0.0007502976307781258,0.0,0.0,0.0,0.3264337012337314,43.25087979994714,0.7208479966657857,100.11777731469246,1296.2080078125,432,0,1.0
57,8.171440817691662,0.6669614068060009,0.0007504479408790185,0.0,0.0,0.0,8.177422596348656,0.6737401419215732,0.0007503682435425515,0.0,0.0,0.0,0.32625985807842683,43.224122900515795,0.7204020483419299,100.05584004749026,1296.6650390625,432,0,1.0
58,8.171883777335838,0.6677415078436887,0.0007504142293462926,0.0,0.0,0.0,8.172799229621887,0.6695903403063616,0.0007503208875681998,0.0,0.0,0.0,0.33040965969363845,43.247725600376725,0.7207954266729454,100.11047592679797,1297.6884765625,432,0,1.0
59,8.169857844158456,0.6655651038443601,0.0007504292715802203,0.0,0.0,0.0,8.178145865599314,0.6743133631017473,0.0007503832473755918,0.0,0.0,0.0,0.3256866368982527,43.26138849928975,0.7210231416548292,100.14210300761516,1296.6650390625,432,0,1.0
60,8.168270294313077,0.6641259394862034,0.0007504144332078458,0.0,0.0,0.0,8.173906743526459,0.6719189489053355,0.0007501987788095397,0.0,0.0,0.0,0.32808105109466446,43.23977729957551,0.7206629549929251,100.09207708235071,1295.7509765625,432,0,1.0
61,8.168125911995217,0.664117301641791,0.0007504008607173562,0.0,0.0,0.0,8.178478532367283,0.6756630705462562,0.0007502815476780395,0.0,0.0,0.0,0.3243369294537438,43.196453899145126,0.7199408983190855,99.99179143320632,1295.9853515625,432,0,1.0
62,8.168456790623841,0.6644252203404903,0.0007504031576293831,0.0,0.0,0.0,8.176503678162893,0.6742540597915649,0.0007502249597261349,0.0,0.0,0.0,0.32574594020843506,43.108806299977005,0.7184801049996168,99.788903472169,1294.9619140625,432,0,1.0
63,8.168752230979779,0.6648396271522399,0.0007503912595523245,0.0,0.0,0.0,8.177934077050951,0.6745123159554269,0.0007503421778286187,0.0,0.0,0.0,0.32548768404457307,43.15666600037366,0.7192777666728943,99.89968981567978,1295.8759765625,432,0,1.0
64,8.166566263746333,0.6628403504965482,0.0007503725920051457,0.0,0.0,0.0,8.175112750795153,0.6718176806138622,0.0007503295095779726,0.0,0.0,0.0,0.32818231938613784,43.114114499650896,0.7185685749941816,99.80119097141412,1296.6650390625,432,0,1.0
65,8.167093831079978,0.663344210082734,0.0007503749654494675,0.0,0.0,0.0,8.171223557657665,0.6683954526152875,0.0007502828116735651,0.0,0.0,0.0,0.33160454738471246,43.34022899996489,0.7223371499994149,100.3246041665854,1295.5126953125,432,0,1.0
66,8.16648116155907,0.6629147877295812,0.0007503566352911379,0.0,0.0,0.0,8.172110603915321,0.6691841077473428,0.0007502926536188978,0.0,0.0,0.0,0.3308158922526572,43.2508010994643,0.7208466849910716,100.11759513764883,1297.2470703125,432,0,1.0
67,8.167315867212084,0.6638451287591899,0.0007503470736049132,0.0,0.0,0.0,8.17204299237993,0.6702187586989667,0.0007501824248821423,0.0,0.0,0.0,0.32978124130103326,43.183438800275326,0.7197239800045888,99.96166388952622,1296.4423828125,432,0,1.0
68,8.16549492544598,0.6622851648264461,0.0007503209760923508,0.0,0.0,0.0,8.175988637738758,0.6734747199548615,0.0007502513936843672,0.0,0.0,0.0,0.3265252800451385,43.16944669932127,0.7194907783220211,99.92927476694739,1296.2080078125,432,0,1.0
69,8.165051449228216,0.6617749330622179,0.0007503276556909205,0.0,0.0,0.0,8.171852399905523,0.6686062063607905,0.0007503246213471155,0.0,0.0,0.0,0.3313937936392095,43.24677919968963,0.7207796533281604,100.10828518446672,1296.6650390625,432,0,1.0
70,8.163787927892473,0.6603491241457285,0.0007503438797290006,0.0,0.0,0.0,8.171040895912382,0.6687266851464907,0.0007502314215849361,0.0,0.0,0.0,0.3312733148535093,43.309784200042486,0.7218297366673748,100.25413009269094,1297.6884765625,432,0,1.0
71,8.163734917287472,0.6606542240414355,0.0007503080694867229,0.0,0.0,0.0,8.171727995077768,0.6678330616818534,0.0007503894945936432,0.0,0.0,0.0,0.3321669383181466,43.26853400003165,0.7211422333338608,100.15864351859179,1296.6650390625,432,0,1.0
72,8.16279634502199,0.6595325636918898,0.000750326379299319,0.0,0.0,0.0,8.17194437318378,0.6685196359952291,0.0007503424729091219,0.0,0.0,0.0,0.3314803640047709,43.283534799702466,0.7213922466617078,100.19336759190385,1295.7509765625,432,0,1.0
73,8.163371476862165,0.6601557708172886,0.0007503215697565962,0.0,0.0,0.0,8.16791213883294,0.6660410985350609,0.0007501871045355478,0.0,0.0,0.0,0.3339589014649391,43.20081640034914,0.7200136066724857,100.00188981562302,1295.9853515625,432,0,1.0
74,8.162298862580899,0.6594653802889364,0.0007502833456480099,0.0,0.0,0.0,8.170781264702478,0.6686910245981481,0.0007502090241663003,0.0,0.0,0.0,0.3313089754018519,43.27947090007365,0.7213245150012274,100.18396041683715,1294.9619140625,432,0,1.0
75,8.16157658122204,0.6586535704080705,0.0007502923026213129,0.0,0.0,0.0,8.175833251741198,0.675144093318118,0.0007500689163053823,0.0,0.0,0.0,0.324855906681882,43.14395819976926,0.7190659699961544,99.87027361057699,1295.8759765625,432,0,1.0
76,8.162925524844063,0.6601650259561009,0.0007502760502878422,0.0,0.0,0.0,8.172393560409546,0.6703048588501083,0.0007502088685416513,0.0,0.0,0.0,0.32969514114989174,43.205019200220704,0.7200836533370117,100.01161851902941,1296.6650390625,432,0,1.0
77,8.161162013256991,0.6582280662324693,0.0007502933934759952,0.0,0.0,0.0,8.170255978902182,0.667817246582773,0.000750243873577953,0.0,0.0,0.0,0.33218275341722703,43.17974709998816,0.7196624516664694,99.95311828700963,1295.5126953125,432,0,1.0
78,8.160449813913417,0.6577544991892798,0.0007502695339940989,0.0,0.0,0.0,8.168092025650871,0.6662668970723947,0.0007501825089598747,0.0,0.0,0.0,0.3337331029276053,43.23680750001222,0.720613458333537,100.08520254632458,1297.2470703125,432,0,1.0
79,8.161189059416452,0.6585718445755817,0.00075026172311886,0.0,0.0,0.0,8.16989223824607,0.6675021780861748,0.0007502390043454296,0.0,0.0,0.0,0.33249782191382515,43.34202419966459,0.7223670699944099,100.32875972144582,1296.4423828125,432,0,1.0
80,8.159994767771828,0.6573085818025801,0.0007502686192445388,0.0,0.0,0.0,8.170352733797497,0.6674783788621426,0.0007502874403952672,0.0,0.0,0.0,0.33252162113785744,43.29500470031053,0.7215834116718421,100.21991828775585,1296.2080078125,432,0,1.0
81,8.159557433040053,0.656916618347168,0.0007502640803943871,0.0,0.0,0.0,8.165265242258707,0.662914721088277,0.0007502350522877856,0.0,0.0,0.0,0.337085278911723,43.397335099987686,0.7232889183331281,100.45679421293445,1296.6650390625,432,0,1.0
82,8.159595464114789,0.6570670360492336,0.0007502528434862917,0.0,0.0,0.0,8.170983407232496,0.6687114288409551,0.0007502271966788814,0.0,0.0,0.0,0.33128857115904486,43.53930800035596,0.725655133339266,100.78543518600917,1297.6884765625,432,0,1.0
83,8.159032892297816,0.65665680942712,0.0007502376092479271,0.0,0.0,0.0,8.167323602570427,0.6650579310953617,0.0007502265693296471,0.0,0.0,0.0,0.3349420689046383,43.34220690000802,0.7223701150001337,100.32918263890745,1296.6650390625,432,0,1.0
84,8.158633288409975,0.6561654310811449,0.0007502467869252777,0.0,0.0,0.0,8.173786918322245,0.67046768259671,0.000750331923983241,0.0,0.0,0.0,0.32953231740329003,43.24261680059135,0.7207102800098558,100.09865000136887,1295.7509765625,432,0,1.0
85,8.15835651424196,0.6560499321807314,0.0007502306609778854,0.0,0.0,0.0,8.169377817047966,0.6667713907857736,0.0007502606410222749,0.0,0.0,0.0,0.33322860921422637,43.358481200411916,0.7226413533401986,100.36685463058313,1295.9853515625,432,0,1.0
86,8.158035552060163,0.6558013390059825,0.0007502234222084991,0.0,0.0,0.0,8.166502445936203,0.66508933612042,0.0007501413076372248,0.0,0.0,0.0,0.33491066387958,43.29231920000166,0.721538653333361,100.21370185185569,1294.9619140625,432,0,1.0
87,8.158867007052457,0.6564713733063804,0.0007502395631120264,0.0,0.0,0.0,8.167385008600023,0.6653240919113159,0.000750206087913183,0.0,0.0,0.0,0.3346759080886841,43.069259899668396,0.7178209983278065,99.69736087886203,1295.8759765625,432,0,1.0
88,8.15802095996009,0.6558034857390104,0.0007502217475255882,0.0,0.0,0.0,8.168542782465616,0.6652157608833578,0.0007503327017022659,0.0,0.0,0.0,0.33478423911664223,43.0714737996459,0.717857896660765,99.70248564732847,1296.6650390625,432,0,1.0
89,8.157194491889742,0.6549209997885757,0.0007502273479918518,0.0,0.0,0.0,8.171389924155342,0.6692057976292239,0.0007502184117685021,0.0,0.0,0.0,0.33079420237077606,43.227128899656236,0.720452148327604,100.06279837883388,1295.5126953125,432,0,1.0
90,8.157534677673269,0.6552374033188378,0.0007502297269605117,0.0,0.0,0.0,8.171028869019615,0.6676882480581602,0.0007503340635189994,0.0,0.0,0.0,0.3323117519418398,43.277869399636984,0.7212978233272831,100.18025323990042,1297.2470703125,432,0,1.0
91,8.157795223924849,0.6557648453723501,0.0007502030399606425,0.0,0.0,0.0,8.169332252608406,0.6659950833353732,0.000750333719932112,0.0,0.0,0.0,0.33400491666462684,43.18580439966172,0.7197634066610287,99.96713981403175,1296.4423828125,432,0,1.0
92,8.157021978387126,0.6549331834194837,0.0007502088783776681,0.0,0.0,0.0,8.168881323602465,0.66522316634655,0.000750365817819127,0.0,0.0,0.0,0.33477683365345,43.31940590031445,0.7219900983385742,100.27640254702419,1296.2080078125,432,0,1.0
93,8.156190110577477,0.6539654952508432,0.0007502224642074132,0.0,0.0,0.0,8.163696434762743,0.6619192858537039,0.0007501777124869275,0.0,0.0,0.0,0.33808071414629615,43.43406069930643,0.7239010116551071,100.54180717432044,1296.6650390625,432,0,1.0
94,8.158317580267235,0.6562895977662669,0.0007502027985066417,0.0,0.0,0.0,8.16480595866839,0.6626519548396269,0.0007502154023515888,0.0,0.0,0.0,0.3373480451603731,43.45876139961183,0.7243126899935305,100.59898472132369,1297.6884765625,432,0,1.0
95,8.15605643943504,0.6541499495506287,0.0007501906495437854,0.0,0.0,0.0,8.165371225939857,0.6622904100351863,0.0007503080806701393,0.0,0.0,0.0,0.3377095899648137,43.31175369955599,0.7218625616592665,100.25868911934258,1296.6650390625,432,0,1.0
96,8.155862992560422,0.6537754985469358,0.0007502087484883507,0.0,0.0,0.0,8.164006491502127,0.6610725352333652,0.0007502933945539149,0.0,0.0,0.0,0.3389274647666348,43.32587180007249,0.7220978633345415,100.29136990757522,1295.7509765625,432,0,1.0
97,8.155886799097061,0.6538104968214477,0.0007502076300119774,0.0,0.0,0.0,8.16526879866918,0.6632966001828512,0.0007501972177124117,0.0,0.0,0.0,0.3367033998171488,43.467040900141,0.7244506816690167,100.61815023180787,1295.9853515625,432,0,1.0
98,8.154707660277685,0.6527263686336853,0.0007501981289587329,0.0,0.0,0.0,8.164331922928492,0.6619886569678783,0.0007502343275215632,0.0,0.0,0.0,0.33801134303212166,43.30504359956831,0.7217507266594718,100.2431564804822,1294.9619140625,432,0,1.0
99,8.15546723317217,0.6536465376891472,0.0007501820684949591,0.0,0.0,0.0,8.164520108037525,0.6629338723917803,0.0007501586236079069,0.0,0.0,0.0,0.33706612760821975,43.319173799827695,0.7219862299971282,100.27586527737893,1295.8759765625,432,0,1.0
100,8.15491540564431,0.6530730244186189,0.0007501842394251273,0.0,0.0,0.0,8.162169602182177,0.6607162170112133,0.0007501453373050834,0.0,0.0,0.0,0.3392837829887867,43.17368410062045,0.7195614016770074,99.93908356625104,1296.6650390625,432,0,1.0
101,8.154996900646776,0.6530463438895013,0.0007501950541929411,0.0,0.0,0.0,8.164113567935097,0.6627241480681632,0.0007501389421425605,0.0,0.0,0.0,0.33727585193183685,44.96818319987506,0.7494697199979176,104.09301666637745,1295.5126953125,432,0,1.0
102,8.155321202896259,0.6533728269515214,0.0007501948361836925,0.0,0.0,0.0,8.164616293377346,0.6627602668272125,0.0007501856020503005,0.0,0.0,0.0,0.33723973317278755,45.02691670041531,0.7504486116735886,104.22897384355396,1297.2470703125,432,0,1.0
103,8.153720522368396,0.6517451115780406,0.000750197540145126,0.0,0.0,0.0,8.166256977452171,0.6632770854565833,0.0007502979901295879,0.0,0.0,0.0,0.33672291454341674,45.276052800007164,0.7546008800001194,104.80567777779436,1296.4423828125,432,0,1.0
104,8.154141004438754,0.6522429475077877,0.000750189805936922,0.0,0.0,0.0,8.166892151037851,0.6656847484409809,0.000750120746185227,0.0,0.0,0.0,0.3343152515590191,44.987485400401056,0.7497914233400176,104.13769768611355,1296.2080078125,432,0,1.0
105,8.154074786989778,0.652283743713741,0.000750179104485411,0.0,0.0,0.0,8.16815455092324,0.6649785190820694,0.0007503176032817768,0.0,0.0,0.0,0.3350214809179306,45.44305310025811,0.7573842183376353,105.19225254689378,1296.6650390625,432,0,1.0
106,8.153957894554845,0.6519789401855733,0.0007501978963975691,0.0,0.0,0.0,8.16713677512275,0.6648627465797795,0.0007502274012141344,0.0,0.0,0.0,0.3351372534202205,45.47762400005013,0.7579604000008354,105.27227777789382,1297.6884765625,432,0,1.0
107,8.154040584961573,0.6522164760088479,0.0007501824084438677,0.0,0.0,0.0,8.167342960834503,0.6666730158030987,0.0007500669946441323,0.0,0.0,0.0,0.3333269841969013,45.12664359994233,0.7521107266657054,104.45982314801465,1296.6650390625,432,0,1.0
108,8.153554261834532,0.6519870297224434,0.0007501567237745298,0.0,0.0,0.0,8.162500907977423,0.6604372002184391,0.0007502063668248916,0.0,0.0,0.0,0.3395627997815609,45.146747200749815,0.7524457866791636,104.50635926099494,1295.7509765625,432,0,1.0
109,8.153601905813924,0.6518441478687304,0.0007501757738484432,0.0,0.0,0.0,8.164302868975533,0.6623985208570957,0.0007501904377325749,0.0,0.0,0.0,0.3376014791429043,45.56016439944506,0.7593360733240843,105.46334351723392,1295.9853515625,432,0,1.0
110,8.15268847015169,0.6510017285192454,0.0007501686745349111,0.0,0.0,0.0,8.163081924120585,0.6610375709003873,0.0007502044358665848,0.0,0.0,0.0,0.3389624290996127,44.357021699659526,0.7392836949943254,102.6782909714341,1294.9619140625,432,0,1.0
111,8.153511850922197,0.6518152590703081,0.000750169659888208,0.0,0.0,0.0,8.16145514117347,0.6609715235730013,0.000750048365363101,0.0,0.0,0.0,0.33902847642699874,44.353506499901414,0.7392251083316902,102.67015393495697,1295.8759765625,432,0,1.0
112,8.152879303252256,0.6512193450773204,0.0007501659917276508,0.0,0.0,0.0,8.164745165242088,0.6627369150519371,0.0007502008294169274,0.0,0.0,0.0,0.3372630849480629,44.47202519979328,0.7412004199965546,102.94450277729926,1296.6650390625,432,0,1.0
113,8.151906875548539,0.6503402219602356,0.0007501566661058287,0.0,0.0,0.0,8.163401034143236,0.6613516712354289,0.0007502049358865608,0.0,0.0,0.0,0.33864832876457107,44.35957169998437,0.7393261949997395,102.68419374996382,1295.5126953125,432,0,1.0
114,8.151505837837854,0.6496999325851599,0.0007501805894544641,0.0,0.0,0.0,8.16660875082016,0.6641927734017372,0.0007502415949905602,0.0,0.0,0.0,0.3358072265982628,43.9521196000278,0.73253532666713,101.74101759265695,1297.2470703125,432,0,1.0
115,8.15190378052217,0.6501403926975198,0.0007501763374656784,0.0,0.0,0.0,8.167444994052252,0.6647973420719305,0.000750264760831164,0.0,0.0,0.0,0.33520265792806947,43.15857299976051,0.7193095499960085,99.90410416611229,1296.4423828125,432,0,1.0
116,8.151426351732677,0.6494996521483969,0.0007501926686220233,0.0,0.0,0.0,8.167407029204899,0.6649626799755626,0.0007502444334224694,0.0,0.0,0.0,0.3350373200244374,43.12175470031798,0.7186959116719663,99.81887662110643,1296.2080078125,432,0,1.0
117,8.152489379600242,0.6509377995023021,0.0007501551558056639,0.0,0.0,0.0,8.171789255407122,0.6696496552063359,0.000750213959286662,0.0,0.0,0.0,0.3303503447936641,43.189218499697745,0.7198203083282958,99.97504282337441,1296.6650390625,432,0,1.0
118,8.15151901708709,0.6497398482428657,0.0007501779176958802,0.0,0.0,0.0,8.164461178912056,0.6617030430999067,0.0007502758122023402,0.0,0.0,0.0,0.3382969569000933,43.263729400001466,0.7210621566666912,100.14752175926266,1297.6884765625,432,0,1.0
119,8.151169382863575,0.6495554029113717,0.0007501613964214576,0.0,0.0,0.0,8.161529978116354,0.6598586634629302,0.0007501671360740955,0.0,0.0,0.0,0.3401413365370698,43.26892019994557,0.7211486699990928,100.159537499874,1296.6650390625,432,0,1.0
120,8.151664353079266,0.6498716335605692,0.0007501792700808168,0.0,0.0,0.0,8.16857060458925,0.6658305422299438,0.0007502740081690717,0.0,0.0,0.0,0.33416945777005624,43.161764699965715,0.7193627449994285,99.91149236103175,1295.7509765625,432,0,1.0
121,8.150786988161228,0.6491529185462881,0.0007501634071458182,0.0,0.0,0.0,8.16340402762095,0.6612183902826574,0.0007502185649678318,0.0,0.0,0.0,0.3387816097173426,43.27382559981197,0.7212304266635329,100.17089259215734,1295.9853515625,432,0,1.0
122,8.151599156635779,0.6499885112323143,0.0007501610649611663,0.0,0.0,0.0,8.161850048436058,0.6605636709266238,0.000750128641811898,0.0,0.0,0.0,0.3394363290733762,43.18593589961529,0.7197655983269214,99.96744421207242,1294.9619140625,432,0,1.0
123,8.150320043166479,0.648564456237687,0.0007501755582645139,0.0,0.0,0.0,8.16292041209009,0.6606669512887796,0.000750225349798307,0.0,0.0,0.0,0.3393330487112204,43.32397489994764,0.7220662483324607,100.28697893506398,1295.8759765625,432,0,1.0
124,8.151392497398236,0.6498382441975452,0.0007501554246118758,0.0,0.0,0.0,8.168127881156074,0.6656644621657001,0.0007502463401275842,0.0,0.0,0.0,0.3343355378342999,43.18545180000365,0.7197575300000608,99.96632361111955,1296.6650390625,432,0,1.0
125,8.15044919429002,0.6487676298452748,0.0007501681571334808,0.0,0.0,0.0,8.168104241291681,0.6660319045186043,0.0007502072346849471,0.0,0.0,0.0,0.3339680954813957,43.21789749991149,0.7202982916651914,100.04142939794326,1295.5126953125,432,0,1.0
126,8.150696636350066,0.6492564417421818,0.0007501440208957151,0.0,0.0,0.0,8.162643114725748,0.6605289636386765,0.0007502114179563554,0.0,0.0,0.0,0.3394710363613235,43.24646329972893,0.7207743883288155,100.10755393455771,1297.2470703125,432,0,1.0
127,8.149955875343746,0.6483872701172475,0.0007501568610745448,0.0,0.0,0.0,8.164575282070372,0.6622124918633037,0.0007502362851583813,0.0,0.0,0.0,0.33778750813669634,43.22203230019659,0.7203672050032764,100.05100069489951,1296.4423828125,432,0,1.0
128,8.150829098842761,0.6493013109321948,0.0007501527811486825,0.0,0.0,0.0,8.165059520138634,0.6632866238554319,0.0007501772925024852,0.0,0.0,0.0,0.3367133761445681,43.164094500243664,0.7194015750040611,99.9168854172307,1296.2080078125,432,0,1.0
129,8.149764474895266,0.6483928519818518,0.0007501371612845644,0.0,0.0,0.0,8.16680477393998,0.6638315878808498,0.0007502973219541471,0.0,0.0,0.0,0.33616841211915016,43.23229410033673,0.7205382350056122,100.07475486189058,1296.6650390625,432,0,1.0
130,8.149913431317717,0.6482104459018619,0.0007501702965344992,0.0,0.0,0.0,8.167409691545698,0.6655560144119792,0.0007501853692196568,0.0,0.0,0.0,0.3344439855880208,43.36230619996786,0.7227051033327977,100.3757087962219,1297.6884765625,432,0,1.0
131,8.150076612278268,0.6486008440454801,0.0007501475760094494,0.0,0.0,0.0,8.168531788720024,0.6666395391027132,0.0007501892238603128,0.0,0.0,0.0,0.33336046089728677,43.33407519944012,0.7222345866573353,100.31035925796324,1296.6650390625,432,0,1.0
132,8.148915612035328,0.6472426338328255,0.0007501672972230827,0.0,0.0,0.0,8.161203162537682,0.6592609646419684,0.0007501942208263143,0.0,0.0,0.0,0.34073903535803163,43.406151700764894,0.7234358616794149,100.47720301102984,1295.7509765625,432,0,1.0
133,8.150427013635635,0.6487929480219329,0.000750163404855239,0.0,0.0,0.0,8.160674386554295,0.6589984446763992,0.0007501675976931842,0.0,0.0,0.0,0.34100155532360077,43.34729710035026,0.7224549516725044,100.34096551007005,1295.9853515625,432,0,1.0
134,8.149353513011226,0.6479092379687009,0.0007501444255198025,0.0,0.0,0.0,8.166520403491127,0.6648308717542224,0.0007501689526381799,0.0,0.0,0.0,0.3351691282457776,43.357739499770105,0.7226289916628351,100.36513773094931,1294.9619140625,432,0,1.0
135,8.149212742293322,0.6476845679183801,0.0007501528202232698,0.0,0.0,0.0,8.161712338527044,0.6597025655210018,0.000750200979786718,0.0,0.0,0.0,0.3402974344789982,43.42049389984459,0.7236748983307432,100.51040254593654,1295.8759765625,432,0,1.0
136,8.149202512370216,0.6475111379943512,0.0007501691377708792,0.0,0.0,0.0,8.164693315823873,0.661466328220235,0.0007503226976647662,0.0,0.0,0.0,0.338533671779765,43.291902399621904,0.721531706660365,100.21273703616181,1296.6650390625,432,0,1.0
137,8.148076088340193,0.6463560761400947,0.0007501720022075999,0.0,0.0,0.0,8.164707806375292,0.6624083274768459,0.0007502299465866397,0.0,0.0,0.0,0.33759167252315414,43.185483099892735,0.7197580516648789,99.96639606456652,1295.5126953125,432,0,1.0
138,8.149346341689428,0.6479045878405925,0.0007501441766551041,0.0,0.0,0.0,8.159974995586607,0.6577186029818323,0.0007502256408366116,0.0,0.0,0.0,0.34228139701816773,43.31025739945471,0.7218376233242452,100.25522546170072,1297.2470703125,432,0,1.0
139,8.14863450770025,0.6471959934742363,0.0007501438496412313,0.0,0.0,0.0,8.161980857451757,0.6603192716009088,0.0007501661614999952,0.0,0.0,0.0,0.33968072839909125,43.225556700490415,0.7204259450081736,100.059159028913,1296.4423828125,432,0,1.0
140,8.148755130944428,0.647137367752967,0.0007501617762533931,0.0,0.0,0.0,8.16120574871699,0.659604913658566,0.0007501600816289687,0.0,0.0,0.0,0.340395086341434,43.31857809983194,0.7219763016638656,100.27448634220356,1296.2080078125,432,0,1.0
141,8.14836522826442,0.6469050854168557,0.0007501460166639407,0.0,0.0,0.0,8.16183583272828,0.6597246440748373,0.0007502111208547527,0.0,0.0,0.0,0.34027535592516267,43.34573889989406,0.722428981664901,100.33735856456958,1296.6650390625,432,0,1.0
142,8.149027430348927,0.6473712881130201,0.0007501656158031741,0.0,0.0,0.0,8.16212550136778,0.6600620125730833,0.0007502063522729764,0.0,0.0,0.0,0.3399379874269167,43.23712769988924,0.7206187949981541,100.08594374974362,1297.6884765625,432,0,1.0
143,8.147741335409659,0.6459965076711442,0.0007501744829049265,0.0,0.0,0.0,8.165298382441202,0.6624625167912908,0.00075028358939259,0.0,0.0,0.0,0.33753748320870924,43.173925099894404,0.7195654183315734,99.93964143494075,1296.6650390625,432,0,1.0
144,8.14794933464792,0.6463511626201647,0.0007501598180776151,0.0,0.0,0.0,8.171299894650778,0.6685637103186713,0.000750273620117999,0.0,0.0,0.0,0.33143628968132866,43.27468829974532,0.7212448049957554,100.17288958274379,1295.7509765625,432,0,1.0
145,8.147970685252437,0.6465129512879584,0.0007501457742667602,0.0,0.0,0.0,8.162055767244762,0.6607042596571975,0.0007501351513686435,0.0,0.0,0.0,0.3392957403428025,43.171514900401235,0.7195252483400206,99.9340622694473,1295.9853515625,432,0,1.0
146,8.148597681963885,0.6469731352947377,0.0007501624539953708,0.0,0.0,0.0,8.159371372726229,0.6566168024308152,0.0007502754532550979,0.0,0.0,0.0,0.3433831975691848,43.367940000258386,0.7227990000043064,100.38875000059812,1294.9619140625,432,0,1.0
147,8.147233880228466,0.6456594612035487,0.000750157442881674,0.0,0.0,0.0,8.159336815277735,0.65697023148338,0.000750236658253319,0.0,0.0,0.0,0.34302976851662004,43.31195819936693,0.7218659699894487,100.25916249853455,1295.8759765625,432,0,1.0
148,8.147758021398827,0.6460967633735251,0.0007501661280844861,0.0,0.0,0.0,8.159037911229664,0.6573004494938586,0.0007501737418351695,0.0,0.0,0.0,0.3426995505061414,43.268139800056815,0.7211356633342803,100.15773101865004,1296.6650390625,432,0,1.0
149,8.146710756752226,0.6450958474090805,0.0007501614907394267,0.0,0.0,0.0,8.158431003491083,0.6569732576608658,0.0007501457754794197,0.0,0.0,0.0,0.3430267423391342,43.2410086998716,0.7206834783311933,100.09492754599907,1295.5126953125,432,0,1.0
150,8.148460687310607,0.6468651843843637,0.0007501595547957415,0.0,0.0,0.0,8.161586072709826,0.6592541250089804,0.0007502331965143741,0.0,0.0,0.0,0.3407458749910196,43.173256600275636,0.7195542766712606,99.93809398211953,1297.2470703125,432,0,1.0
151,8.148644190143656,0.6472166874618442,0.000750142749354752,0.0,0.0,0.0,8.159464057948854,0.6571696909765402,0.0007502294368653869,0.0,0.0,0.0,0.3428303090234598,43.36959830019623,0.7228266383366039,100.39258865786165,1296.4423828125,432,0,1.0
152,8.146827598412832,0.6451814658939838,0.0007501646148200423,0.0,0.0,0.0,8.157582756545809,0.6560350822077857,0.0007501547637123925,0.0,0.0,0.0,0.3439649177922143,43.44862759951502,0.7241437933252504,100.57552685072922,1296.2080078125,432,0,1.0
153,8.146429898562255,0.644871530847417,0.0007501558392067198,0.0,0.0,0.0,8.160058534807629,0.657950652970208,0.0007502107914155608,0.0,0.0,0.0,0.34204934702979195,43.323778100311756,0.7220629683385292,100.28652338035128,1296.6650390625,432,0,1.0
154,8.14745279815462,0.6460096789179025,0.00075014431099084,0.0,0.0,0.0,8.159536937872568,0.6575700470970737,0.000750196682929527,0.0,0.0,0.0,0.3424299529029263,43.244905199855566,0.7207484199975928,100.10394722188788,1297.6884765625,432,0,1.0
155,8.146920986749508,0.645407893039562,0.0007501513093841452,0.0,0.0,0.0,8.162638074821896,0.6604649416274495,0.0007502173106735831,0.0,0.0,0.0,0.3395350583725505,43.379032999277115,0.7229838833212853,100.41442823906739,1296.6650390625,432,0,1.0
156,8.147113059405926,0.6454878408047888,0.000750162520556909,0.0,0.0,0.0,8.15882482793596,0.6559027507901192,0.0007502922097854833,0.0,0.0,0.0,0.34409724920988083,43.453892699442804,0.7242315449907134,100.58771458204353,1295.7509765625,432,0,1.0
157,8.147114088137945,0.6455458317089964,0.000750156826715856,0.0,0.0,0.0,8.161295082834032,0.6586078243951002,0.0007502687238027445,0.0,0.0,0.0,0.34139217560489976,43.3879869999364,0.7231331166656066,100.43515509244537,1295.9853515625,432,0,1.0
158,8.146997864599582,0.6454575242543662,0.000750154033556572,0.0,0.0,0.0,8.158357027504179,0.6558867461151547,0.0007502470293224582,0.0,0.0,0.0,0.34411325388484526,43.27690500020981,0.7212817500034968,100.178020833819,1294.9619140625,432,0,1.0
159,8.146435610674045,0.6448500353705,0.0007501585565074088,0.0,0.0,0.0,8.16110071208742,0.6581178543468317,0.0007502982872311906,0.0,0.0,0.0,0.3418821456531683,43.31984829995781,0.7219974716659635,100.2774266202727,1295.8759765625,432,0,1.0
160,8.146025875100383,0.6444114412146585,0.0007501614425025225,0.0,0.0,0.0,8.16325025426017,0.6608244569765197,0.0007502425837123559,0.0,0.0,0.0,0.3391755430234803,43.28251089993864,0.7213751816656441,100.19099745356168,1296.6650390625,432,0,1.0
161,8.146265398572993,0.6447283766335912,0.0007501537038479,0.0,0.0,0.0,8.158739106522667,0.6567873896823989,0.0007501951687219036,0.0,0.0,0.0,0.3432126103176011,43.34336579963565,0.7223894299939275,100.33186527693437,1295.5126953125,432,0,1.0
162,8.147351925019864,0.6458109515132727,0.0007501540982317507,0.0,0.0,0.0,8.167831222216288,0.6653837482962344,0.0007502447495224058,0.0,0.0,0.0,0.33461625170376563,43.23707230016589,0.7206178716694315,100.08581550964327,1297.2470703125,432,0,1.0
163,8.145875408693596,0.6443584519955847,0.0007501516954141187,0.0,0.0,0.0,8.161299457152685,0.6585914728542169,0.0007502708002802036,0.0,0.0,0.0,0.34140852714578307,43.46149809937924,0.7243583016563206,100.60531967448898,1296.4423828125,432,0,1.0
164,8.146003577444288,0.6444977974450147,0.0007501505782851449,0.0,0.0,0.0,8.161496606138018,0.6601279688378175,0.000750136863644002,0.0,0.0,0.0,0.33987203116218245,43.43196929991245,0.7238661549985409,100.53696597201957,1296.2080078125,432,0,1.0
165,8.145852473047045,0.6442904003240444,0.00075015620462148,0.0,0.0,0.0,8.161861343516243,0.6600717703501383,0.0007501789558672397,0.0,0.0,0.0,0.3399282296498617,43.38165079988539,0.7230275133314232,100.42048796269766,1296.6650390625,432,0,1.0
166,8.145844318248608,0.644233712443599,0.0007501610624011071,0.0,0.0,0.0,8.157718393537733,0.6554981701903873,0.0007502220202392588,0.0,0.0,0.0,0.34450182980961275,43.28982890024781,0.7214971483374636,100.20793726909216,1297.6884765625,432,0,1.0
167,8.145311882098516,0.6437325189235034,0.0007501579362993922,0.0,0.0,0.0,8.162011785639656,0.6594411478274398,0.0007502570616553486,0.0,0.0,0.0,0.3405588521725602,43.388019100762904,0.7231336516793817,100.43522939991414,1296.6650390625,432,0,1.0
168,8.146182627589614,0.6445739002967322,0.0007501608741693888,0.0,0.0,0.0,8.161693298154407,0.6598071836762958,0.0007501886098503342,0.0,0.0,0.0,0.34019281632370424,43.30019150022417,0.7216698583370695,100.23192476903743,1295.7509765625,432,0,1.0
169,8.145700531977194,0.6441021041461715,0.0007501598436782067,0.0,0.0,0.0,8.1615156630675,0.6596893084545931,0.0007501826342680337,0.0,0.0,0.0,0.34031069154540694,43.31151979975402,0.7218586633292338,100.25814768461579,1295.9853515625,432,0,1.0
170,8.14645759816523,0.6449656715547597,0.0007501491911372998,0.0,0.0,0.0,8.168600837389628,0.6658899986909496,0.00075027108606365,0.0,0.0,0.0,0.33411000130905044,43.21181159932166,0.7201968599886944,100.02734166509644,1294.9619140625,432,0,1.0
171,8.145968939419147,0.6444144305531625,0.0007501554487303279,0.0,0.0,0.0,8.165785133838654,0.6627822187211778,0.0007503002917575133,0.0,0.0,0.0,0.3372177812788222,43.206192100420594,0.7201032016736766,100.01433356578842,1295.8759765625,432,0,1.0
172,8.14659642069428,0.6451249749020294,0.0007501471457847705,0.0,0.0,0.0,8.157810042301813,0.6559174938334359,0.0007501892549852426,0.0,0.0,0.0,0.3440825061665641,43.29158519953489,0.7215264199922482,100.21200277670114,1296.6650390625,432,0,1.0
173,8.145550972885555,0.6439850392440954,0.0007501565938852124,0.0,0.0,0.0,8.159831818607119,0.6581461288862758,0.000750168564991327,0.0,0.0,0.0,0.34185387111372423,43.280547799542546,0.7213424633257091,100.18645323968182,1295.5126953125,432,0,1.0
174,8.145508531067106,0.6439762187224848,0.0007501532309106551,0.0,0.0,0.0,8.16025623679161,0.6583204207321008,0.0007501935793293847,0.0,0.0,0.0,0.34167957926789916,43.25760670006275,0.7209601116677126,100.13334884273785,1297.2470703125,432,0,1.0
175,8.145212942803347,0.6435730304155085,0.000750163993399366,0.0,0.0,0.0,8.171013706260258,0.6682278948525587,0.0007502785823210919,0.0,0.0,0.0,0.33177210514744127,43.37580309994519,0.7229300516657531,100.40695162024349,1296.4423828125,432,0,1.0
176,8.144765729153598,0.6431452365661109,0.000750162051122903,0.0,0.0,0.0,8.163428021801842,0.6610338555441962,0.0007502394097779567,0.0,0.0,0.0,0.33896614445580375,43.28309640008956,0.7213849400014927,100.19235277798509,1296.2080078125,432,0,1.0
177,8.14547085762024,0.64400750329649,0.0007501463386924351,0.0,0.0,0.0,8.166651702589458,0.6635472228129705,0.0007503104485901227,0.0,0.0,0.0,0.3364527771870295,43.39855749998242,0.7233092916663736,100.45962384255189,1296.6650390625,432,0,1.0
178,8.14511411830231,0.6437057240141763,0.0007501408384726987,0.0,0.0,0.0,8.158841649691263,0.6560338226457437,0.0007502807841067099,0.0,0.0,0.0,0.3439661773542563,43.39943780004978,0.723323963334163,100.4616615741893,1297.6884765625,432,0,1.0
179,8.14511008615847,0.6434906131967351,0.0007501619481815767,0.0,0.0,0.0,8.161938932206896,0.659255948745542,0.0007502683009887631,0.0,0.0,0.0,0.34074405125445795,43.308789600618184,0.721813160010303,100.25182777920875,1296.6650390625,432,0,1.0
180,8.144584782697537,0.6429839040394183,0.000750160087018567,0.0,0.0,0.0,8.157654606633717,0.6554762294722928,0.0007502178389889499,0.0,0.0,0.0,0.3445237705277072,43.51527759991586,0.7252546266652644,100.7298092590645,1295.7509765625,432,0,1.0
181,8.144529476209923,0.6429343778226111,0.0007501595084451967,0.0,0.0,0.0,8.162390583091312,0.6600243540273772,0.0007502366283410487,0.0,0.0,0.0,0.33997564597262275,43.303468000143766,0.7217244666690628,100.23950925959205,1295.9853515625,432,0,1.0
182,8.145273877514732,0.643921085115936,0.0007501352809884809,0.0,0.0,0.0,8.158089581463072,0.6562148440215323,0.0007501874739925066,0.0,0.0,0.0,0.3437851559784677,43.347429300658405,0.7224571550109734,100.34127152930186,1294.9619140625,432,0,1.0
183,8.144338998529646,0.6427897239724795,0.0007501549310594177,0.0,0.0,0.0,8.15989769829644,0.6573891871505313,0.0007502508467748865,0.0,0.0,0.0,0.3426108128494687,43.45908869989216,0.7243181449982027,100.59974236086148,1295.8759765625,432,0,1.0
184,8.144424301606637,0.6427012170078578,0.000750172310088399,0.0,0.0,0.0,8.15815962354342,0.6562121361494064,0.0007501947515670003,0.0,0.0,0.0,0.34378786385059357,45.059193699620664,0.7509865616603444,104.30368911949228,1296.6650390625,432,0,1.0
185,8.144825022529673,0.6432441377805339,0.0007501580901724217,0.0,0.0,0.0,8.162892176045311,0.6595803010794852,0.0007503311874946424,0.0,0.0,0.0,0.3404196989205148,45.12837370019406,0.752139561669901,104.46382800970848,1295.5126953125,432,0,1.0
186,8.144219056323722,0.6425016932189465,0.0007501717370393669,0.0,0.0,0.0,8.157596823241976,0.6551880136960082,0.0007502408775002954,0.0,0.0,0.0,0.3448119863039918,45.113111299462616,0.7518851883243769,104.42849837838568,1297.2470703125,432,0,1.0
187,8.144684904151493,0.6429632777969042,0.0007501721625481474,0.0,0.0,0.0,8.159016913837856,0.6571332286629412,0.0007501883669141938,0.0,0.0,0.0,0.3428667713370588,45.385785799473524,0.7564297633245587,105.05968935063316,1296.4423828125,432,0,1.0
188,8.14373559973858,0.6422323323786259,0.0007501503255129878,0.0,0.0,0.0,8.155314528279835,0.6543723849786652,0.0007500942144057868,0.0,0.0,0.0,0.34562761502133477,45.19432400073856,0.7532387333456427,104.61649074245037,1296.2080078125,432,0,1.0
189,8.14374961676421,0.642296812462586,0.0007501452801753421,0.0,0.0,0.0,8.160387211375767,0.6581891530917751,0.0007502198095608037,0.0,0.0,0.0,0.34181084690822494,45.451389299705625,0.7575231549950937,105.21154930487413,1296.6650390625,432,0,1.0
190,8.143924934996498,0.6422618806914047,0.0007501663056717478,0.0,0.0,0.0,8.16062977578905,0.6581916134390566,0.000750243815774512,0.0,0.0,0.0,0.34180838656094337,45.14521019998938,0.752420169999823,104.5028013888643,1297.6884765625,432,0,1.0
191,8.143960705509892,0.6424842367845552,0.0007501476514638247,0.0,0.0,0.0,8.159292413128746,0.6567422312994798,0.0007502550203450179,0.0,0.0,0.0,0.34325776870052016,45.33068769983947,0.7555114616639912,104.9321474533321,1296.6650390625,432,0,1.0
192,8.144038207001156,0.6426817649216564,0.000750135643843182,0.0,0.0,0.0,8.160162349541983,0.6585005244447125,0.0007501661869658468,0.0,0.0,0.0,0.3414994755552875,44.69286860059947,0.7448811433433244,103.45571435323951,1295.7509765625,432,0,1.0
193,8.143658732926404,0.6423005810766308,0.0007501358152324058,0.0,0.0,0.0,8.159341235955557,0.6563971444136567,0.0007502944103584418,0.0,0.0,0.0,0.3436028555863433,44.46965479943901,0.7411609133239836,102.93901573944215,1295.9853515625,432,0,1.0
194,8.144102778699663,0.6426981804823434,0.0007501404630871817,0.0,0.0,0.0,8.162166552411186,0.6598299261596468,0.0007502336646009806,0.0,0.0,0.0,0.34017007384035325,44.295924700796604,0.7382654116799434,102.53686273332548,1294.9619140625,432,0,1.0
195,8.144136360398045,0.6425506694725266,0.0007501585686340048,0.0,0.0,0.0,8.15469675593906,0.6540593658056524,0.0007500637374404403,0.0,0.0,0.0,0.3459406341943476,44.36313719954342,0.7393856199923903,102.69244722116531,1295.8759765625,432,0,1.0
196,8.143792218632168,0.6423510560007007,0.0007501441169653037,0.0,0.0,0.0,8.161344352695677,0.6593893153799905,0.0007501954989695352,0.0,0.0,0.0,0.34061068462000954,44.41302069928497,0.7402170116547495,102.80791828538187,1296.6650390625,432,0,1.0
197,8.14371136603532,0.6422906207541624,0.0007501420752507531,0.0,0.0,0.0,8.1588440504339,0.655856840726402,0.0007502987201506686,0.0,0.0,0.0,0.34414315927359795,43.426820300519466,0.7237803383419911,100.52504699194321,1295.5126953125,432,0,1.0
198,8.144009832982663,0.6427384029935908,0.0007501271439078091,0.0,0.0,0.0,8.158694290452534,0.6572277959850099,0.0007501466465732341,0.0,0.0,0.0,0.3427722040149901,43.2536271000281,0.7208937850004683,100.1241368056206,1297.2470703125,432,0,1.0
199,8.143764617266479,0.6422824180788465,0.0007501482192579984,0.0,0.0,0.0,8.168430315123665,0.6659793630242348,0.0007502450923008533,0.0,0.0,0.0,0.33402063697576523,43.215022299438715,0.7202503716573119,100.03477384129332,1296.4423828125,432,0,1.0
200,8.143464579626366,0.6419793727497259,0.0007501485209407596,0.0,0.0,0.0,8.156956871350607,0.6549707630442249,0.0007501986094414153,0.0,0.0,0.0,0.34502923695577514,43.40478320047259,0.7234130533412099,100.47403518627915,1296.2080078125,432,0,1.0
